{"loss": [121.42670440673828, 103.7500228881836, 80.25537109375, 51.73609161376953, 25.416336059570312, 13.516759872436523, 11.852325439453125, 11.032206535339355, 10.354097366333008, 9.7913179397583, 9.256927490234375, 8.783348083496094, 8.39677906036377, 7.866559982299805, 7.492969989776611, 7.124371528625488, 6.781825542449951, 6.4462409019470215, 6.159627914428711, 5.859292507171631, 5.587609767913818, 5.3509368896484375, 5.1141204833984375, 4.903641700744629, 4.681822776794434, 4.514547824859619, 4.3596415519714355, 4.180549621582031, 4.005311489105225, 3.878047466278076, 3.7673089504241943, 3.6451175212860107, 3.5666756629943848, 3.444394588470459, 3.3747854232788086, 3.324620246887207, 3.228264331817627, 3.13858699798584, 3.086635112762451, 3.056070566177368, 2.964184284210205, 2.89848256111145, 2.8494791984558105, 2.8301336765289307, 2.7592391967773438, 2.7193708419799805, 2.669759750366211, 2.651273488998413, 2.5967042446136475, 2.5491905212402344, 2.5123603343963623, 2.487740993499756, 2.455260992050171, 2.417452812194824, 2.407703161239624, 2.3962318897247314, 2.326711416244507, 2.2924728393554688, 2.262676239013672, 2.226632833480835, 2.2290072441101074, 2.2124764919281006, 2.184782028198242, 2.149704933166504, 2.128981351852417, 2.1106278896331787, 2.1026711463928223, 2.1346824169158936, 2.0703887939453125, 2.0537919998168945, 2.047067403793335, 1.999546766281128, 1.9886225461959839, 1.9512457847595215, 1.9643701314926147, 1.9430357217788696, 1.9184727668762207, 1.8984647989273071, 1.8744124174118042, 1.880197286605835, 1.862680196762085, 1.8720320463180542, 1.9188872575759888, 1.8275606632232666, 1.844427227973938, 1.812404751777649, 1.7911874055862427, 1.7688055038452148, 1.7595412731170654, 1.7805463075637817, 1.7847373485565186, 1.7679489850997925, 1.700218915939331, 1.6890112161636353, 1.6821022033691406, 1.6819583177566528, 1.6911814212799072, 1.6521518230438232, 1.6683540344238281, 1.62942636013031], "mae": [10.08239459991455, 9.37293815612793, 8.304765701293945, 6.734190940856934, 4.665007591247559, 3.080997943878174, 2.802396297454834, 2.7100164890289307, 2.6326544284820557, 2.564393997192383, 2.482116460800171, 2.4048759937286377, 2.327209234237671, 2.2577593326568604, 2.189368486404419, 2.1158361434936523, 2.049558162689209, 1.996641755104065, 1.9269002676010132, 1.8737672567367554, 1.825434923171997, 1.7506130933761597, 1.7122740745544434, 1.6561517715454102, 1.59987211227417, 1.5724445581436157, 1.5283925533294678, 1.487152099609375, 1.4590129852294922, 1.4139496088027954, 1.395236611366272, 1.3669016361236572, 1.3259729146957397, 1.302786111831665, 1.3082835674285889, 1.278908371925354, 1.2748106718063354, 1.2399636507034302, 1.2254011631011963, 1.2219147682189941, 1.1979310512542725, 1.1854795217514038, 1.1646569967269897, 1.1477714776992798, 1.1529744863510132, 1.136509895324707, 1.1325092315673828, 1.1050301790237427, 1.1049952507019043, 1.0917601585388184, 1.0940234661102295, 1.084793210029602, 1.065877079963684, 1.056437373161316, 1.068031907081604, 1.0385159254074097, 1.0528757572174072, 1.0296531915664673, 1.0147143602371216, 1.005433440208435, 1.0161503553390503, 0.993240237236023, 1.0006089210510254, 0.9914700984954834, 0.9716893434524536, 0.9870502352714539, 0.96501225233078, 0.9607548117637634, 0.9888404607772827, 0.9557967782020569, 0.9853534698486328, 0.9505556225776672, 0.9535483717918396, 0.9361719489097595, 0.9488449096679688, 0.9374766945838928, 0.9206818342208862, 0.9176397323608398, 0.9286977052688599, 0.9220470190048218, 0.9239291548728943, 0.9149341583251953, 0.9395460486412048, 0.9174496531486511, 0.8924275040626526, 0.9082426428794861, 0.8965224027633667, 0.896334171295166, 0.884890615940094, 0.9046508073806763, 0.8810577988624573, 0.920137882232666, 0.8811353445053101, 0.8745309710502625, 0.8744968175888062, 0.8694410920143127, 0.8784303665161133, 0.8599894642829895, 0.8660436272621155, 0.8577309846878052], "val_loss": [108.1788101196289, 86.81106567382812, 59.377960205078125, 33.09333419799805, 20.130680084228516, 20.223953247070312, 19.386320114135742, 17.501314163208008, 16.479110717773438, 14.878579139709473, 14.10633373260498, 13.717918395996094, 13.650898933410645, 12.336284637451172, 12.345651626586914, 11.707677841186523, 10.878000259399414, 10.288455963134766, 10.195096969604492, 9.187559127807617, 8.897056579589844, 8.998790740966797, 7.974525451660156, 7.758481502532959, 7.173914909362793, 6.54121208190918, 6.299368858337402, 5.9002604484558105, 5.463984966278076, 5.233859062194824, 4.960071563720703, 4.774182319641113, 4.554873466491699, 4.245716094970703, 4.082248687744141, 3.9630746841430664, 3.6270203590393066, 3.4567511081695557, 3.434195041656494, 3.1837759017944336, 3.182697057723999, 3.035618782043457, 2.9987573623657227, 2.7778525352478027, 2.713954210281372, 2.67818021774292, 2.6222004890441895, 2.4558677673339844, 2.4581124782562256, 2.388378620147705, 2.323673963546753, 2.260371685028076, 2.2398457527160645, 2.2251994609832764, 2.1389095783233643, 2.0272159576416016, 2.1190662384033203, 2.050847053527832, 1.9654734134674072, 1.9943104982376099, 2.0099716186523438, 1.9075442552566528, 1.9392778873443604, 1.9309958219528198, 1.8800934553146362, 1.9745769500732422, 1.891829490661621, 1.9073764085769653, 1.9234355688095093, 1.881234884262085, 1.9548782110214233, 1.8909858465194702, 1.8855212926864624, 1.8694207668304443, 1.920804738998413, 1.9062086343765259, 1.8467189073562622, 1.922648549079895, 1.916262149810791, 1.8824092149734497, 1.9122246503829956, 1.892039179801941, 1.9301825761795044, 1.8963890075683594, 1.89422607421875, 1.8988571166992188, 1.9154858589172363, 1.9502900838851929, 1.8915492296218872, 1.9616897106170654, 1.8480937480926514, 1.9899758100509644, 1.9056035280227661, 1.9567890167236328, 1.9014753103256226, 1.9940840005874634, 1.9490926265716553, 1.9224402904510498, 1.944434642791748, 1.9392622709274292], "val_mae": [9.623287200927734, 8.615519523620605, 7.174581527709961, 5.370014667510986, 3.4795331954956055, 3.0472395420074463, 3.0482068061828613, 2.933030128479004, 2.8469061851501465, 2.7771377563476562, 2.7255873680114746, 2.6827809810638428, 2.625237226486206, 2.523049831390381, 2.4875779151916504, 2.4417054653167725, 2.3617725372314453, 2.297032117843628, 2.2488231658935547, 2.184135913848877, 2.1254663467407227, 2.089506149291992, 2.0079901218414307, 1.978654146194458, 1.9132795333862305, 1.838922142982483, 1.7985695600509644, 1.737076997756958, 1.7007029056549072, 1.6526176929473877, 1.6000840663909912, 1.576613426208496, 1.543041706085205, 1.4960781335830688, 1.4614205360412598, 1.44609534740448, 1.4064650535583496, 1.3790299892425537, 1.3572241067886353, 1.324197769165039, 1.3193731307983398, 1.2933393716812134, 1.2856786251068115, 1.2646360397338867, 1.25985586643219, 1.2407176494598389, 1.2357797622680664, 1.210554838180542, 1.2019708156585693, 1.1921963691711426, 1.1846991777420044, 1.1598970890045166, 1.1479668617248535, 1.1546573638916016, 1.1329448223114014, 1.115380883216858, 1.133353590965271, 1.108428716659546, 1.0916343927383423, 1.102449655532837, 1.1090924739837646, 1.0833001136779785, 1.0923242568969727, 1.088868260383606, 1.071697473526001, 1.0981454849243164, 1.0816128253936768, 1.0886045694351196, 1.087935447692871, 1.0620328187942505, 1.0893337726593018, 1.0720243453979492, 1.0723528861999512, 1.0660014152526855, 1.0782133340835571, 1.0670101642608643, 1.0576896667480469, 1.073801875114441, 1.0710198879241943, 1.061489462852478, 1.0722153186798096, 1.0577938556671143, 1.063781499862671, 1.0686365365982056, 1.0770525932312012, 1.0594831705093384, 1.0683761835098267, 1.0842950344085693, 1.0699481964111328, 1.0773741006851196, 1.0562316179275513, 1.0839159488677979, 1.0752142667770386, 1.0802239179611206, 1.0711910724639893, 1.1023080348968506, 1.091988444328308, 1.0710831880569458, 1.0824881792068481, 1.0752116441726685]}